URL,Date
https://store.outrightcrm.com/wp-content/uploads/2018/12/restore-record-manager-1.pdf,
https://store.outrightcrm.com/wp-content/uploads/2018/12/Restore-Record-Manager.pdf,
https://store.outrightcrm.com/product-tag/bulk-sms-software/,
https://store.outrightcrm.com/blog/how-does-coronavirus-force-people-to-go-their-hometown/,
https://store.outrightcrm.com/blog/suitecrm-cloud-services-with-suite-on-demand/,
https://store.outrightcrm.com/product-tag/empower-pdf-template/,
https://store.outrightcrm.com/wp-content/uploads/2019/04/SugarCRM-Email2Lead.pdf,
https://store.outrightcrm.com/wp-content/uploads/2018/11/Outright-Drip-Campaign-InstallationGuide.pdf,
https://store.outrightcrm.com/blog/transactional-emails-can-improve-customer-experience/,
https://store.outrightcrm.com/blog/crm-for-financial-advisors/,
https://store.outrightcrm.com/suitecrm-aws-disk-plan/,
https://store.outrightcrm.com/blog/why-do-you-need-suitecrm-development/,
https://store.outrightcrm.com/blog/how-can-global-search-plugin-give-you-remarkable-features-to-save-your-time/,
https://store.outrightcrm.com/product/suitecrm-sms-reminder/,
https://store.outrightcrm.com/blog/what-suitecrm-support-plans-do-we-offer-that-others-dont/,
https://store.outrightcrm.com/blog/what-killer-email-marketing-mistakes-that-you-need-to-avoid/,
https://store.outrightcrm.com/blog/complete-guidance-of-call-analytics-and-reasons-to-choose-it/,
